,Palabras,Ejemplos 
0,be,Will you be my friend?
1,and,You and I will always be friends.
2,of,Today is the first of November.
3,a,I saw a bear today.
4,in,She is in her room.
5,to,Let’s go to the park.
6,have,I have a few questions.
7,too,I like her too.
8,it,It is sunny outside.
9,I,I really like it here.
10,that,That door is open.
11,for,This letter is for you.
12,you,You are really nice.
13,he,He is my brother.
14,with,I want to go with you.
15,on,I watch movies on my iPad.
16,do,What will you do now?
17,say,Can I say something?
18,this,This is my favorite cookie.
19,they,They are here!
20,at,Can you pick me up at the mall?
21,but,I’m sorry but she’s away.
22,we,We are going to watch a movie.
23,his,This is his box.
24,from,This card came from my cousin.
25,that,That’s a really cool trick!
26,not,That’s not what I want.
27,can’t,I can’t open it.
28,won’t,I won’t open it.
29,by,Will you come by and see me?
30,she,She is very happy.
31,or,Do you like blue or yellow?
32,as,Her role as an English teacher is very important.
33,what,What are you thinking of?
34,go,I want to go there.
35,their,This is their house.
36,can,What can I do for you?
37,who,Who can help me?
38,get,Can you get me my eyeglasses?
39,if,What if I fail?
40,would,Would you help me out?
41,her,I have her book.
42,all,All my favorite books are on this shelf.
43,my,My mom is coming to visit.
44,make,Can we make our projects together?
45,about,What is this movie about?
46,know,Do you know where this place is?
47,will,I will help you find that place.
48,as,"As soon as she’s here, I’ll talk to her."
49,up,I live up in the mountains.
50,one,She is one of my English teachers.
51,time,There was a time I liked to play golf.
52,there,There are so many things I want to learn.
53,year,This is the year I’m finally going to learn English.
54,so,I am so sorry.
55,think,I think I need to lie down.
56,when,When will I see you again?
57,which,Which of these slippers are yours?
58,them,Please give this to them.
59,some,Please give them some of the apples I brought home.
60,me,Can you give me some apples?
61,people,There are so many people at the mall today.
62,take,Please take home some of these apples
63,out,Please throw the trash out.
64,into,My puppy ran into the woods.
65,just,Just close your eyes.
66,see,Did you see that?
67,him,I heard him singing earlier.
68,your,Your mom is here.
69,come,Can your mom and dad come to the party?
70,could,Could you help me with my project?
71,now,I want to watch this now.
72,than,I like this cake better than the other one you showed me.
73,like,I like this bag better than the other one you showed me.
74,other,I like these shoes better than the other ones you showed me.
75,how,How do I turn this on?
76,then,We had breakfast and then we went to church.
77,its,I need to read its manual.
78,our,This is our home now.
79,two,"Two cheeseburgers, please."
80,more,Can I have some more milk shake?
81,these,Do you like these ribbons?
82,want,Do you want these ribbons?
83,way,Can you look this way?
84,look,Please look this way.
85,first,She was my very first teacher.
86,also,She was also my best friend.
87,new,I have new shoes.
88,because,I am crying because I’m sad.
89,day,Today is National Friendship day.
90,more,I have more stickers at home.
91,use,How do I use this?
92,no,There’s no electricity now.
93,man,There’s a man outside looking for you.
94,find,Where can I find rare furniture?
95,here,My mom is here.
96,thing,One thing led to another.
97,give,Give her these pearls.
98,many,We shared many dreams together.
99,well,You know me so well.
100,only,You are my only friend here.
101,those,Those boots belong to my friend.
102,tell,Can you tell me which way to go?
103,one,She’s the one he’s been waiting for.
104,very,I’m very upset right now.
105,her,Her grandmother is sick.
106,even,She can’t even stand on her own.
107,back,I’ll be right back.
108,any –,Have you had any luck on your research?
109,good,You’re a good person.
110,woman,That woman looks so polished.
111,through,Your faith will see you through tough times.
112,us,Do you want to go with us?
113,life,This is the best day of my life.
114,child,I just saw a child cross the street by herself.
115,there,Did you go there?
116,work,I have to go to work.
117,down,Let’s go down.
118,may,You may take your seats.
119,after,Let’s have dinner after work.
120,should,Should I buy this dress?
121,call,"Call me when you get home, okay?"
122,world,I want to travel and see the world.
123,over,I can’t wait for this day to be over.
124,school,My cousin goes to school here.
125,still,I still think you should go.
126,try,Can you try to be nicer to him?
127,in,What’s in that box?
128,as,"As soon as I get home, I’m going to start watching that series."
129,last ,"This is my last slice of cake, I promise!"
130,ask,Can you ask the waiter to bring us some wine?
131,need,I need some wine tonight!
132,too,"I need some wine, too!"
133,feel,"I feel so tired, I just need to relax and unwind."
134,three ,I have three sisters.
135,when,When was the last time you saw them?
136,state,"Check out the state of that shed, it’s falling apart."
137,never,I’m never going to drink wine again.
138,become,Over the years we’ve become really close.
139,between,This is just between you and me.
140,high,Give me a high five!
141,really,I really like your painting!
142,something,I have something for you.
143,most,She’s the most beautiful girl I’ve ever seen.
144,another,"I’ll have another glass of wine, please."
145,much,I love you guys so much.
146,family,You are like family to me.
147,own,I want to get my own place.
148,out,Get out of my room.
149,leave,I want you to leave.
150,put,Please put down that book and listen to me.
151,old,I feel so old!
152,while,I can wait for you here while you shop.
153,mean,I didn’t mean to sound so angry.
154,on,Can you turn on the lights?
155,keep,Can we keep the lights on tonight?
156,student,I’ve always been a diligent student.
157,why,This is why I don’t go out anymore.
158,let,Why won’t you let him know how you feel?
159,great,This ice cream place is great for families with kids!
160,same,"Hey, we’re wearing the same shirt!"
161,big,I have this big crush on Brad Pitt.
162,group,The group sitting across our table is so noisy.
163,begin,Where do I begin with this huge project?
164,seem,"She may seem quiet, but she’s really outgoing once you get to know her."
165,country,Japan is such a beautiful country!
166,help,I need help with my Math homework.
167,talk,Can we talk in private?
168,where,Where were you last night?
169,turn,If only I could turn back time.
170,problem,The problem is we think we have plenty of time.
171,every,Every person has his own big goal to fulfill.
172,start,This is a great to start to learn the English language.
173,hand,Don’t let go of my hand.
174,might,This might actually work.
175,American,The American culture is so dynamic.
176,show,Can you show me how to use this vacuum cleaner?
177,part,This is my favorite part of the movie!
178,about,What is the story about?
179,against,I am so against domestic abuse!
180,place,This place is wonderful!
181,over,She kept saying this over and over again.
182,such,He is such an annoying person.
183,again,Can we play that game again?
184,few,Just a few more errands and I’m done!
185,case,What an interesting case you are working on now!
186,most,That’s the most interesting story I’ve ever heard.
187,week,I had a rough week.
188,company,Will you keep me company?
189,where,Where are we going?
190,system,What’s wrong with the airport’s system?
191,each,Can you give each of them an apple?
192,right,I’m right this time.
193,program,This community program for teens is really helpful.
194,hear,Did you hear that?
195,so,I’m so sleepy.
196,question,I have a question for you.
197,during,"During the session, I saw him fall asleep."
198,work,I have to work this weekend.
199,play,We can play soccer next weekend instead.
200,government,I hope the government does something about the poverty in this country.
201,run,"If you see a bear here, run for your life."
202,small,I have a small favor to ask you.
203,number,I have a number of favors to ask you.
204,off,Please turn off the television.
205,always,I always bring pepper spray with me.
206,move,Let’s move on to the next tourist spot.
207,like,I really like you.
208,night,The night is young.
209,live,I’m going to live like there’s no tomorrow.
210,Mr.,Mr. Morris is here.
211,point,You have a point.
212,believe ,I believe in you.
213,hold,Just hold my hand.
214,today,I’m going to see you today.
215,bring,Please bring a pen.
216,happen ,What will happen if you don’t submit your report on time?
217,next,This is the next best thing.
218,without,I can’t live without my phone.
219,before,Before I go to bed I always wash my face.
220,large,There’s a large amount of data online about that topic.
221,all,That’s all I know about Dinosaurs.
222,million,I have a million questions about this book.
223,must,We must watch this movie together.
224,home,Can we go home now?
225,under,I hid it under my bed.
226,water,I filled the tub with water.
227,room,His room is at the end of the corridor.
228,write,Can you write me a prescription for this?
229,mother,His mother is a very lovely woman.
230,area,This area of this house needs to be fixed.
231,national,That virus has become a national concern.
232,money,She needs money to buy her medicine.
233,story,She shared her story to the media.
234,young,She is so young and so hopeful.
235,fact,It’s a fact: shopping can improve your mood.
236,month,It’s that time of the month!
237,different,"Just because she’s different, it doesn’t mean she’s bad."
238,lot,You have a lot of explaining to do.
239,right,Turn right when you reach the corner.
240,study,Let’s study our English lessons together
241,book,Can I borrow your English book?
242,eye,She has the pink eye.
243,job,I love my job.
244,word,Describe yourself in one word.
245,though,"Though you are angry now, I’m sure you will forget about this later."
246,business,His business is thriving.
247,issue,This is not an issue for me.
248,side,"Whose side are you on, anyway?"
249,kind,"Always be kind, even to strangers."
250,four,There are four seasons in a year.
251,head,"Let’s head back, it’s freezing out here."
252,far,We’ve gone too far and now we’re lost.
253,black,"She has long, black hair."
254,long,"She has long, brown hair."
255,both,They both love chocolate ice cream.
256,little,I have two little boys with me now.
257,house,The house is so quiet without you.
258,yes,I hope you say yes.
259,after,"After all this time, he has finally learned to love."
260,since,"Ever since his mom died, he has been cranky and angry at the world."
261,long,That was such a long time ago.
262,provide,Please provide me with a list of your services.
263,service,Do you have a specific dental service to treat this?
264,around,We went around the block.
265,friend,You’re a good friend.
266,important,You’re important to me.
267,father,My father is so important to me.
268,sit,Let’s sit outside together.
269,away,He’s away right now.
270,until,Until when will you be away?
271,power,With great power comes great responsibility.
272,hour,I’ve been checking his temperature every hour.
273,game,Let’s play a game.
274,often,I buy from his bakery as often as I can.
275,yet,He’s not yet home.
276,line,There’s a long line at the grocery cashier.
277,political,I stay away from political discussions.
278,end,It’s the end of an era.
279,among,"Among all my pets, he’s my most favorite."
280,ever,Have you ever tried this cake?
281,stand,Can you stand still for a minute?
282,bad,What you did was so bad.
283,lose,I can’t lose you.
284,however,"I want to buy this bag, however, I need to save up for it first."
285,member,She’s a member of the babysitter’s club.
286,pay,Let’s pay for our groceries.
287,law,There’s a law against jay-walking.
288,meet,I want you to meet my aunt.
289,car,Let’s go inside my car.
290,city,This is the city that never sleeps.
291,almost,I’m almost done with my report.
292,include,Did you remember to include the summary in your report?
293,continue,Can we continue working tomorrow?
294,set,"Great, let me set an appointment for you."
295,later –,I’ll finish it later.
296,community,Our community is very tight knit.
297,much,There’s so much to learn in the English language.
298,name,What’s your name?
299,five,I can give you five reasons why you need to watch that video.
300,once ,I once had a puppy named Bark.
301,white,I love my white sneakers.
302,least,She’s the least productive among all the employees.
303,president ,She was our class president back in high school.
304,learn,I’d love to learn more about the English language.
305,real,What is her real name?
306,change,What can we change so that things will get better?
307,team,They hired a team to do the design of their new office.
308,minute,She’s laughing every minute of every day.
309,best,This is the best potato salad I’ve ever tasted.
310,several,I have several old clothes I need to donate.
311,idea,"It was your idea to go to the beach, remember?"
312,kid,I loved that toy when I was a kid.
313,body,She worked out hard to achieve a toned body.
314,information,This is the information I need.
315,nothing,There’s nothing we can do now. 
316,ago,"Three years ago, I visited Japan for the first time."
317,right,"You’re right, I want to go back there."
318,lead,Just lead the way and I’ll follow.
319,social,I feel awkward in these social gatherings.
320,understand,I understand how you feel.
321,whether,"Whether in big groups or small groups, I always feel a little shy at first."
322,back,"Looking back, I knew I was always an introvert."
323,watch,Let’s watch the sun set on the horizon.
324,together,They’re together now.
325,follow,I’ll follow you home.
326,around,You’ll always have me around.
327,parent,Every parent is trying hard and doing their best.
328,only,You are only allowed to go out today.
329,stop,Please stop that.
330,face,Why is your face so red?
331,anything,You can ask me for anything.
332,create,Did you create that presentation? It was so good.
333,public,This is public property.
334,already,I already asked him to resend his report.
335,speak,Could you speak a little louder?
336,others,The others haven’t arrived yet.
337,read,I read somewhere that this house is haunted.
338,level,What level are you in that game?
339,allow,Do you allow your kids to play outside the house?
340,add,Is it okay if we add a bit of sugar to the tea?
341,office,Welcome to my office.
342,spend,How much did you spend on your last shopping spree?
343,door,You left the door open.
344,health,You must take good care of your health.
345,person,You are a good person.
346,art,This is my work of art.
347,sure,Are you sure you want to do this alone?
348,such,You are such a brave little boy.
349,war,The war has finally ended.
350,history,She is my history professor.
351,party,Are you going to her party tonight?
352,within,We support everyone within our small community.
353,grow,We want everyone to grow and thrive in their careers.
354,result,The result of this outreach program is amazing.
355,open,Are you open to teaching on weekends?
356,change,Where can we change her diaper?
357,morning,It’s such a beautiful morning!
358,walk,Come take a walk with me.
359,reason,You are the reason I came home.
360,low,Her blood pressure has gotten really low.
361,win,We can win this match if we work together.
362,research,How is your research going?
363,girl ,That girl is in my class.
364,guy,I’ve seen that guy in school before.
365,early,I come to work so early every day.
366,food,"Let’s buy some food, I’m hungry!"
367,before,Can I talk to you before you go home?
368,moment,"The moment she walked in the room, her puppy started to jump and dance again."
369,himself,He cooked this Turkey himself.
370,air,I am loving the cold night air here.
371,teacher,You are the best teacher ever.
372,force,Don’t force him to play with other kids.
373,offer,Can I offer you a ride home?
374,enough,"Boys, that’s enough playing for today."
375,both,You both need to change into your sleep clothes now.
376,education,I just want you to get the best education.
377,across,Your dog ran across the park.
378,although,"Although she felt tired, she still couldn’t sleep."
379,remember ,Do you think she will still remember me after ten years?
380,foot,Her foot got caught in one of the ropes.
381,second,This is the second time she got late this month.
382,boy,There’s a boy in her class who keeps pulling her hair.
383,maybe,Maybe we can have ice cream for dessert.
384,toward,He took a step toward her.
385,able,Will you be able to send me your report today?
386,age,What is the average marrying age these days?
387,off –,The cat ran off with the dog.
388,policy,They have a generous return policy.
389,everything,Everything is on sale.
390,love,I love what you’re wearing!
391,process,"Wait, give me time to process everything you’re telling me."
392,music,I love music.
393,including,"Around 20 people attended, including Bob and Beth."
394,consider,I hope you consider my project proposal.
395,appear,How did that appear out of nowhere?
396,actually,I’m actually just heading out.
397,buy,I’m going to buy these shoes.
398,probably,He’s probably still asleep.
399,human,"Give him a break, he is only human."
400,wait,Is it alright if you wait for a few minutes?
401,serve,This blow dryer has served me well for years.
402,market ,Let’s visit the Sunday market.
403,die ,"I don’t want my cat to die, let’s take him to the vet please."
404,send,Please send the package to my address.
405,expect,You can’t expect much from their poor service.
406,home ,I can’t wait to go home!
407,sense,I did sense that something was not okay.
408,build,He is going to build his dream house.
409,stay,You can stay with me for a few weeks.
410,fall,"Be careful, you might fall."
411,oh,"Oh no, I left my phone at home!"
412,nation,We have to act as one nation.
413,plan,What’s your plan this time?
414,cut,Don’t cut your hair.
415,college,We met in college.
416,interest,Music is an interest of mine.
417,death,Death is such a heavy topic for me.
418,course,What course did you take up in college?
419,someone,Is there someone who can go with you?
420,experience,What an exciting experience!
421,behind,I’m scared to check what’s behind that door.
422,reach,"I can’t reach him, he won’t answer his phone."
423,local,This is a local business.
424,kill,Smoking can kill you.
425,six,I have six books about Psychology.
426,remain,These remain on the top shelf.
427,effect,"Wow, the effect of that mascara is great!"
428,use,Can I use your phone?
429,yeah,"Yeah, he did call me earlier."
430,suggest,He did suggest that to me.
431,class,We were in the same English class.
432,control,Where’s the remote control?
433,raise,It’s so challenging to discipline kids these days.
434,care,I don’t care about what you think.
435,perhaps,Perhaps we can arrive at a compromise.
436,little,There’s a little bird outside my window.
437,late,I am running late for my doctor’s appointment.
438,hard,That test was so hard.
439,field,"He’s over there, by the soccer field."
440,else,Is anyone else coming?
441,pass,Can we pass by the grocery store?
442,former,She was my former housemate.
443,sell,We can sell your old couch online.
444,major,It’s a major issue for the project.
445,sometimes,Sometimes I forget to turn off the porch lights.
446,require,They’ll require you to show your I.D.
447,along,Can I tag along your road trip?
448,development,This news development is really interesting.
449,themselves,They can take care of themselves.
450,report,I read her report and it was great!
451,role,She’s going to play the role of Elsa.
452,better,Your singing has gotten so much better!
453,economic,Some countries are facing an economic crisis.
454,effort,The government must make an effort to solve this.
455,up,His grades have gone up.
456,decide,Please decide where to eat.
457,rate,How would you rate the hotel’s service?
458,strong,They have strong customer service here!
459,possible,Maybe it’s possible to change their bathroom amenities.
460,heart,My heart is so full.
461,drug,She got the patent for the drug she has created to cure cancer.
462,show,Can you show me how to solve this puzzle?
463,leader,You are a wonderful leader.
464,light,Watch her face light up when you mention his name.
465,voice,Hearing his mom’s voice is all he need right now.
466,wife,My wife is away for the weekend.
467,whole,I have the whole house to myself.
468,police,The police have questioned him about the incident.
469,mind,This relaxation technique really eases my mind.
470,finally,I can finally move out from my old apartment.
471,pull,My baby niece likes to pull my hair.
472,return,I give her tickles in return.
473,free,The best things in life are free.
474,military,His dad is in the military.
475,price,This is the price you pay for lying.
476,report,Did you report this to the police?
477,less,I am praying for less stress this coming new year.
478,according,"According to the weather report, it’s going to rain today."
479,decision,This is a big decision for me.
480,explain,"I’ll explain everything later, I promise."
481,son,His son is so cute!
482,hope,I hope I’ll have a son one day.
483,even,"Even if they’ve broken up, they still remain friends."
484,develop,That rash could develop into something more serious.
485,view,This view is amazing!
486,relationship,They’ve taken their relationship to the next level.
487,carry,Can you carry my bag for me?
488,town,This town is extremely quiet.
489,road,There’s a road that leads to the edge of the woods.
490,drive,"You can’t drive there, you need to walk."
491,arm,He broke his arm during practice.
492,true,"It’s true, I’m leaving the company."
493,federal,Animal abuse is now a federal felony!
494,break,Don’t break the law.
495,better,You better learn how to follow rules.
496,difference,What’s the difference between happiness and contentment?
497,thank,I forgot to thank her for the pie she sent us.
498,receive,Did you receive the pie I sent you?
499,value,I value our friendship so much.
500,international ,Their brand has gone international!
501,building ,This building is so tall!
502,action ,You next action is going to be critical.
503,full ,My work load is so full now.
504,model ,A great leader is a great model of how to do things.
505,join ,He wants to join the soccer team.
506,season ,Christmas is my favorite season!
507,society ,Their society is holding a fund raiser.
508,because,I’m going home because my mom needs me.
509,tax ,How much is the current income tax?
510,director ,The director yelled ‘Cut!'
511,early ,I’m too early for my appointment.
512,position ,Please position your hand properly when drawing.
513,player ,That basketball player is cute.
514,agree ,I agree! He is cute!
515,especially ,I especially like his blue eyes.
516,record ,"Can we record the minutes of this meeting, please?"
517,pick,Did you pick a color theme already?
518,wear ,Is that what you’re going to wear for the party?
519,paper ,You can use a special paper for your invitations.
520,special ,Some special paper are even scented!
521,space,Please leave some space to write down your phone number.
522,ground ,The ground is shaking.
523,form,A new island was formed after that big earthquake.
524,support ,I need your support for this project.
525,event,We’re holding a big event tonight.
526,official,Our official wedding photos are out!
527,whose ,Whose umbrella is this?
528,matter ,What does it matter anyway?
529,everyone ,Everyone thinks I stole that file.
530,center ,I hate being the center of attention.
531,couple ,The couple is on their honeymoon now.
532,site,This site is so big!
533,end,It’s the end of an era.
534,project ,This project file is due tomorrow.
535,hit ,He hit the burglar with a bat.
536,base,All moms are their child’s home base.
537,activity ,What musical activity can you suggest for my toddler?
538,star,My son can draw a star!
539,table ,I saw him draw it while he was writing on the table.
540,need ,I need to enroll him to a good preschool.
541,court,There’s a basketball court near our house.
542,produce ,Fresh farm produce is the best.
543,eat ,I could eat that all day.
544,American ,My sister is dating an American.
545,teach ,I love to teach English lessons.
546,oil ,Could you buy me some cooking oil at the store?
547,half ,Just half a liter please.
548,situation,The situation is getting out of hand.
549,easy,I thought you said this was going to be easy?
550,cost ,The cost of fuel has increased!
551,industry,The fuel industry is hiking prices.
552,figure,Will our government figure out how to fix this problem?
553,face ,I can’t bear to face this horrendous traffic again and again.
554,street ,Let’s cross the street.
555,image,There’s an image of him stored inside my mind.
556,itself ,The bike itself is pretty awesome.
557,phone ,"Plus, it has a phone holder."
558,either,I either walk or commute to work.
559,data ,How can we simplify this data?
560,cover ,Could you cover for me during emergencies?
561,quite,I’m quite satisfied with their work.
562,picture ,"Picture this: a lake, a cabin, and lots of peace and quiet"
563,clear,That picture is so clear inside my head.
564,practice,Let’s practice our dance number.
565,piece ,That’s a piece of cake!
566,land,Their plane is going to land soon.
567,recent,This is her most recent social media post.
568,describe,Describe yourself in one word.
569,product,This is my favorite product in their new line of cosmetics.
570,doctor,The doctor is in.
571,wall,Can you post this up on the wall?
572,patient ,The patient is in so much pain now.
573,worker,She’s a factory worker.
574,news ,I saw that on the news.
575,test,I have to pass this English test.
576,movie,Let’s watch a movie later.
577,certain ,There’s a certain kind of magic in the air now.
578,north,Santa lives up north.
579,love,Christmas!
580,personal ,This letter is very personal.
581,open,Why did you open and read it?
582,support,Will you support him?
583,simply,I simply won’t tolerate bad behavior.
584,third,This is the third time you’ve lied to me.
585,technology,Write about the advantages of technology.
586,catch,"Let’s catch up soon, please!"
587,step,Watch your step.
588,baby,Her baby is so adorable.
589,computer,"Can you turn on the computer, please?"
590,type ,You need to type in your password.
591,attention,"Can I have your attention, please?"
592,draw,Can you draw this for me?
593,film,That film is absolutely mind-blowing.
594,Republican,He is a Republican candidate.
595,tree,That tree has been there for generations.
596,source,You are my source of strength.
597,red,I’ll wear a red dress tonight.
598,nearly,He nearly died in that accident!
599,organization,Their organization is doing great things for street kids.
600,choose,Let me choose a color.
601,cause,We have to see the cause and effect of this experiment.
602,hair ,I’ll cut my hair short for a change.
603,look – ,Can you look at the items I bought?
604,point ,What is the point of all this
605,century ,"We’re living in the 21st century, Mary."
606,evidence ,The evidence clearly shows that he is guilty.
607,window ,I’ll buy window curtains next week.
608,difficult ,"Sometimes, life can be difficult."
609,listen,You have to listen to your teacher.
610,soon ,I will launch my course soon.
611,culture ,I hope they understand our culture better.
612,billion ,My target is to have 1 billion dollars in my account by the end of the year.
613,chance ,Is there any chance that you can do this for me?
614,brother ,My brother always have my back.
615,energy ,Now put that energy into walking.
616,period ,They covered a period of twenty years.
617,course ,Have seen my course already?
618,summer ,I’ll go to the beach in summer.
619,less ,"Sometimes, less is more."
620,realize ,I just realize that I have a meeting today.
621,hundred ,I have a hundred dollars that I can lend you.
622,available ,I am available to work on your project.
623,plant ,Plant a seed.
624,likely ,It was likely a deer trail.
625,opportunity ,It was the perfect opportunity to test her theory.
626,term ,I’m sure there’s a Latin
627,short ,It was just a short stay at the hotel.
628,letter ,I already passed my letter of intent.
629,condition ,Do you know the condition I am in?
630,choice ,I have no choice.
631,place ,Let’s meet out at meeting place.
632,single ,I am a single parent.
633,rule ,It’s the rule of the law.
634,daughter ,My daughter knows how to read now.
635,administration ,I will take this up with the administration.
636,south ,I am headed south.
637,husband ,My husband just bought me a ring for my birthday.
638,Congress ,It will be debated at the Congress.
639,floor ,She is our floor manager.
640,campaign ,I handled their election campaign.
641,material ,She had nothing
642,population ,The
643,well ,I wish you well.
644,call ,I am going to call the bank.
645,economy ,The economy is booming.
646,medical ,She needs medical assistance.
647,hospital ,I’ll take her to the nearest hospital.
648,church  ,I saw you in church last Sunday.
649,close ,Please close the door.
650,thousand,There are a thousand reasons to learn English!
651,risk – ,Taking a risk can be rewarding.
652,current – ,What is your current address?
653,fire – ,Make sure your smoke alarm works in case of fire.
654,future,The future is full of hope.
655,wrong ,That is the wrong answer.
656,involve ,We need to involve the police.
657,defense ,What is your defense or reason you did this?
658,anyone ,Does anyone know the answer?
659,increase ,Let’s increase your test score.
660,security ,Some apartment buildings have security.
661,bank ,I need to go to the bank to withdraw some money.
662,myself ,I can clean up by myself.
663,certainly ,I can certainly help clean up.
664,west ,"If you drive West, you will arrive in California."
665,sport ,My favorite sport is soccer.
666,board ,Can you see the board?
667,seek ,Seek and you will find.
668,per ,Lobster is $20 per pound.
669,subject ,My favorite subject is English!
670,officer ,Where can I find a police officer?
671,private ,This is a private party.
672,rest ,Let’s take a 15 minute rest.
673,behavior ,This dog’s behavior is excellent.
674,deal ,A used car can be a good deal.
675,performance ,Your performance can be affected by your sleep.
676,fight ,I don’t want to fight with you.
677,throw ,Throw me the ball!
678,top ,You are a top student.
679,quickly ,Let’s finish reading this quickly.
680,past ,"In the past, my English was not as good as it is today."
681,goal ,My goal is to speak English fluently.
682,second ,My second goal is to increase my confidence.
683,bed ,I go to bed around 10pm.
684,order ,I would like to order a book.
685,author ,The author of this series is world-famous.
686,fill ,I need to fill (up) my gas tank.
687,represent ,I represent my family.
688,focus ,Turn off your phone and the TV and focus on your studies!
689,foreign ,It’s great having foreign friends.
690,drop ,Please don’t drop the eggs!
691,plan ,Let’s make a plan.
692,blood ,The hospital needs people to give blood.
693,upon ,"Once upon a time, a princess lived in a castle."
694,agency ,Let’s contract an agency to help with marketing.
695,push ,"The door says ‘push,’ not ‘pull.'"
696,nature ,I love walking in nature!
697,color – ,My favorite color is blue.
698,no ,No’ is one of the shortest complete sentences.
699,recently ,"I cleaned the bathroom most recently, so I think it’s your turn this time."
700,store ,I’m going to the store to buy some bread.
701,reduce ,"Reduce, reuse, and recycle are the ways to help the environment."
702,sound ,I like the sound of wind chimes.
703,note ,Please take notes during the lesson.
704,fine ,I feel fine.
705,before ,"Before the movie, let’s buy popcorn!"
706,near ,"Near, far, wherever you are, I do believe that the heart goes on."
707,movement ,The environmental movement is an international movement.
708,page ,Please turn to page 62.
709,enter ,You can enter the building on the left.
710,share ,Let me share my idea.
711,than ,Ice cream has more calories than water.
712,common ,Most people can find something in common with each other.
713,poor ,We had a poor harvest this year because it was so dry.
714,other  ,"This pen doesn’t work, try the other one."
715,natural ,"This cleaner is natural, there aren’t any chemicals in it."
716,race ,We watched the car race on TV.
717,concern – ,"Thank you for your concern, but I’m fine."
718,series ,What is your favorite TV series?
719,significant ,His job earns a significant amount of money.
720,similar ,"These earrings don’t match, but they are similar."
721,hot ,"Don’t touch the stove, it’s still hot."
722,language ,Learning a new language is fun.
723,each ,Put a flower in each vase.
724,usually ,I usually shop at the corner store.
725,response ,I didn’t expect his response to come so soon.
726,dead – ,"My phone is dead, let me charge it."
727,rise ,The sun will rise at 7:00 a.m.
728,animal ,What kind of animal is that?
729,factor ,Heredity is a factor in your overall health.
730,decade ,I’ve lived in this city for over a decade.
731,article ,Did you read that newspaper article?
732,shoot ,He wants to shoot arrows at the target.
733,east ,Drive east for three miles.
734,save ,I save all my cans for recycling.
735,seven ,There are seven slices of pie left.
736,artist ,Taylor Swift is a recording artist.
737,away ,I wish that mosquito would go away.
738,scene ,He painted a colorful street scene.
739,stock ,That shop has a good stock of postcards.
740,career ,Retail sales is a good career for some people.
741,despite ,"Despite the rain, we will still have the picnic."
742,central ,There is good shopping in central London.
743,eight ,That recipe takes eight cups of flour.
744,thus ,We haven’t had any problems thus far.
745,treatment ,I will propose a treatment plan for your injury.
746,beyond ,The town is just beyond those mountains.
747,happy ,Kittens make me happy.
748,exactly ,Use exactly one teaspoon of salt in that recipe.
749,protect ,A coat will protect you from the cold weather.
750,approach ,The cat slowly approached the bird.
751,lie ,Teach your children not to lie.
752,size ,What size is that shirt
753,dog ,Do you think a dog is a good pet?
754,fund ,I have a savings fund for college.
755,serious ,"She is so serious, she never laughs."
756,occur ,Strange things occur in that empty house.
757,media ,That issue has been discussed in the media.
758,ready ,Are you ready to leave for work?
759,sign ,That store needs a bigger sign.
760,thought ,I’ll have to give it some thought.
761,list ,I made a list of things to do.
762,individual ,You can buy an individual or group membership.
763,simple ,The appliance comes with simple instructions.
764,quality ,I paid a little more for quality shoes.
765,pressure ,There is no pressure to finish right now.
766,accept ,Will you accept my credit card?
767,answer ,Give me your answer by noon tomorrow.
768,hard ,That test was very hard.
769,resource ,The library has many online resources.
770,identify ,I can’t identify that plant.
771,left ,The door is on your left as you approach.
772,meeting ,We’ll have a staff meeting after lunch.
773,determine ,Eye color is genetically determined.
774,prepare ,I’ll prepare breakfast tomorrow.
775,disease ,Face masks help prevent disease.
776,whatever – ,Choose whatever flavor you like the best.
777,success ,Failure is the back door to success.
778,argue ,It’s not a good idea to argue with your boss.
779,cup ,Would you like a cup of coffee?
780,particularly ,"It’s not particularly hot outside, just warm."
781,amount ,It take a large amount of food to feed an elephant.
782,ability ,He has the ability to explain things well.
783,staff ,There are five people on staff here.
784,recognize ,Do you recognize the person in this photo?
785,indicate ,Her reply indicated that she understood.
786,character ,You can trust people of good character.
787,growth ,The company has seen strong growth this quarter.
788,loss ,The farmer suffered heavy losses after the storm.
789,degree ,Set the oven to 300 degrees.
790,wonder ,I wonder if the Bulls will win the game.
791,attack ,The army will attack at dawn.
792,herself ,She bought herself a new coat.
793,region ,What internet services are in your region?
794,television,I don’t watch much television.
795,box ,I packed my dishes in a strong box.
796,TV ,There is a good movie on TV tonight.
797,training ,The company will pay for your training.
798,pretty ,That is a pretty dress.
799,trade ,The stock market traded lower today.
800,deal ,I got a good deal at the store.
801,election ,Who do you think will win the election?
802,everybody ,Everybody likes ice cream.
803,physical ,Keep a physical distance of six feet.
804,lay ,"Lay the baby in her crib, please."
805,general ,My general impression of the restaurant was good.
806,feeling ,I have a good feeling about this.
807,standard ,The standard fee is $10.00.
808,bill ,The electrician will send me a bill.
809,message ,You have a text message on your phone.
810,fail ,I fail to see what is so funny about that.
811,outside ,The cat goes outside sometimes.
812,arrive ,When will your plane arrive?
813,analysis ,I’ll give you my analysis when I’ve seen everything.
814,benefit ,There are many health benefits to quinoa.
815,name ,What’s your name?
816,sex ,Do you know the sex of your baby yet?
817,forward ,Move the car forward a few feet.
818,lawyer ,My lawyer helped me write a will.
819,present ,"If everyone is present, the meeting can begin."
820,section ,What section of the stadium are you sitting in?
821,environmental ,Environmental issues are in the news.
822,glass ,Glass is much heavier than plastic.
823,answer ,Could you answer a question for me?
824,skill ,His best skill is woodworking.
825,sister ,My sister lives close to me.
826,PM ,The movie starts at 7:30 PM.
827,professor ,Dr. Smith is my favorite professor.
828,operation ,The mining operation employs thousands of people.
829,financial ,I keep my accounts at my financial institution.
830,crime ,The police fight crime.
831,stage ,A caterpillar is the larval stage of a butterfly.
832,ok ,Would it be ok to eat out tonight?
833,compare ,We should compare cars before we buy one.
834,authority ,City authorities make the local laws.
835,miss ,"I miss you, when will I see you again?"
836,design ,We need to design a new logo.
837,sort ,Let’s sort these beads according to color.
838,one ,I only have one cat.
839,act ,I’ll act on your information today.
840,ten ,The baby counted her ten toes.
841,knowledge ,Do you have the knowledge to fix that?
842,gun ,Gun ownership is a controversial topic.
843,station ,There is a train station close to my house.
844,blue ,My favorite color is blue.
845,state ,After the accident I was in a state of shock.
846,strategy ,Our new corporate strategy is written here.
847,little ,I prefer little cars.
848,clearly ,The instructions were clearly written.
849,discuss ,We’ll discuss that at the meeting.
850,indeed ,Your mother does indeed have hearing loss.
851,force ,It takes a lot of force to open that door.
852,truth ,Please tell me the truth.
853,song ,That’s a beautiful song.
854,example ,"I need an example of that grammar point, please."
855,democratic ,Does Australia have a democratic government?
856,check ,Please check my work to be sure it’s correct.
857,environment ,We live in a healthy environment.
858,leg ,The boy broke his leg.
859,dark ,"Turn on the light, it’s dark in here."
860,public ,Masks must be worn in public places.
861,various,That rug comes in various shades of gray.
862,rather ,Would you rather have a hamburger than a hot dog?
863,laugh ,That movie always makes me laugh.
864,guess ,"If you don’t know, just guess."
865,executive ,The company’s executives are paid well.
866,set ,"Set the glass on the table, please."
867,study ,He needs to study for the test.
868,prove ,The employee proved his worth.
869,hang ,Please hang your coat on the hook.
870,entire ,He ate the entire meal in 10 minutes.
871,rock ,There are decorative rocks in the garden.
872,design ,The windows don’t open by design.
873,enough ,Have you had enough coffee?
874,forget ,Don’t forget to stop at the store.
875,since ,She hasn’t eaten since yesterday.
876,claim ,I made an insurance claim for my car accident.
877,note ,Leave me a note if you’re going to be late.
878,remove ,Remove the cookies from the oven.
879,manager ,The manager will look at your application.
880,help ,Could you help me move this table?
881,close ,"Close the door, please."
882,sound ,The dog did not make a sound.
883,enjoy ,I enjoy soda.
884,network ,Band is the name of our internet network.
885,legal ,The legal documents need to be signed.
886,religious ,"She is very religious, she attends church weekly."
887,cold ,My feet are cold.
888,form ,Please fill out this application form.
889,final ,The divorce was final last month.
890,main ,The main problem is a lack of money.
891,science ,He studies health science at the university.
892,green ,The grass is green.
893,memory ,He has a good memory.
894,card ,They sent me a card for my birthday.
895,above ,Look on the shelf above the sink.
896,seat ,That’s a comfortable seat.
897,cell ,Your body is made of millions of cells.
898,establish ,They established their business in 1942.
899,nice ,That’s a very nice car.
900,trial ,They are employing her on a trial basis.
901,expert ,Matt is an IT expert.
902,that ,Did you see that movie?
903,spring ,Spring is the most beautiful season.
904,firm – ,"Her ‘no” was very firm, she won’t change her mind."
905,Democrat ,The Democrats control the Senate.
906,radio ,I listen to the radio in the car.
907,visit ,We visited the museum today.
908,management ,That store has good management.
909,care ,She cares for her mother at home.
910,avoid ,You should avoid poison ivy.
911,imagine ,Can you imagine if pigs could fly?
912,tonight ,Would you like to go out tonight?
913,huge ,That truck is huge!
914,ball ,He threw the ball to the dog.
915,no ,"I said ‘no,’ please don’t ask again."
916,close ,"Close the window, please."
917,finish ,Did you finish your homework?
918,yourself ,You gave yourself a haircut?
919,talk ,He talks a lot.
920,theory ,"In theory, that’s a good plan."
921,impact ,The drought had a big impact on the crops.
922,respond ,He hasn’t responded to my text yet.
923,statement ,The police chief gave a statement to the media.
924,maintain ,Exercise helps you maintain a healthy weight.
925,charge ,I need to charge my phone.
926,popular ,That’s a popular restaurant.
927,traditional,They serve traditional Italian food there.
928,onto ,Jump onto the boat and we’ll go fishing.
929,reveal ,Washing off the dirt revealed the boy’s skinned knee.
930,direction ,What direction is the city from here?
931,weapon ,No weapons are allowed in government buildings.
932,employee ,That store only has three employees.
933,cultural ,There is cultural significance to those old ruins.
934,contain ,The carton contains a dozen egges.
935,peace,World leaders gathered for peace talks.
936,head ,My head hurts.
937,control ,Keep control of the car.
938,base ,The glass has a heavy base so it won’t fall over.
939,pain ,I have chest pain.
940,apply ,Maria applied for the job.
941,play ,The children play at the park.
942,measure ,"Measure twice, cut once."
943,wide ,The doorway was very wide.
944,shake ,Don’t shake the can of soda.
945,fly ,We can fly to France next year.
946,interview ,My job interview went well.
947,manage ,Did you manage to find the keys?
948,chair ,The table has six matching chairs.
949,fish ,I don’t enjoy eating fish.
950,particular ,That particular style looks good on you.
951,camera ,I use the camera on my phone.
952,structure ,The building’s structure is solid.
953,politics ,Mitch is very active in politics.
954,perform ,The singer will perform tonight.
955,bit ,It rained a little bit last night.
956,weight,Keep track of your pet’s weight.
957,suddenly ,The storm came up suddenly.
958,discover ,You’ll discover treasures at that thrift store.
959,candidate ,There are ten candidates for the position.
960,top ,The flag flies on the top of that building.
961,production ,Factory production has improved over the summer.
962,treat ,Give yourself a treat for a job well done.
963,trip ,We are taking a trip to Florida in January.
964,evening ,I’m staying home this evening.
965,affect ,My bank account will affect how much I can buy.
966,inside,The cat stays inside.
967,conference ,There will be expert presenters at the conference.
968,unit ,A foot is a unit of measure.
969,best ,Those are the best glasses to buy.
970,style ,My dress is out of style.
971,adult ,"Adults pay full price, but children are free."
972,worry ,Don’t worry about tomorrow.
973,range ,My doctor offered me a range of options
974,mention ,Can you mention me in your story?
975,rather ,"Rather than focusing on the bad things, let’s be grateful for the good things."
976,far ,I don’t want to move far from my family.
977,deep ,That poem about life is deep.
978,front – ,Please face front.
979,edge ,Please do not stand so close to the edge of the cliff.
980,individual ,These potato chips are in an individual serving size package.
981,specific ,Could you be more specific?
982,writer ,You are a good writer.
983,trouble ,Stay out of trouble.
984,necessary ,It is necessary to sleep.
985,throughout ,Throughout my life I have always enjoyed reading.
986,challenge ,I challenge you to do better.
987,fear ,Do you have any fears?
988,shoulder ,You do not have to shoulder all the work on your own.
989,institution ,Have you attended any institution of higher learning?
990,middle ,I am a middle child with one older brother and one younger sister.
991,sea ,I want to sail the seven seas.
992,dream ,I have a dream.
993,bar,A bar is a place where alcohol is served.
994,beautiful ,You are beautiful.
995,property ,"Do you own property, like a house?"
996,instead ,Instead of eating cake I will have fruit.
997,improve ,I am always looking for ways to improve.
998,stuff ,"When I moved, I realized I have a lot of stuff!"
999,claim ,"I claim to be a fast reader, but actually I am average."
